"https://urun.n11.com/cagdas-turk-ve-dunya-edebiyati/galaktik-imparatorluk-serisi-3-kitap-takim-P375199209",urun1,98.80
"https://urun.n11.com/cagdas-turk-ve-dunya-edebiyati/isyan-kutu-seti-2-kitap-takim-ciltli-P425607927",urun2,91.20
"https://urun.n11.com/cagdas-turk-ve-dunya-edebiyati/atesin-pesinde-serisi-kutulu-set-2-kitap-takim-ciltli-P524228924",urun3,108.00
"https://urun.n11.com/cagdas-turk-ve-dunya-edebiyati/alengirli-siirler-ali-lidar-isminize-imzali-P413182246",urun4,29.00
"https://urun.n11.com/cagdas-turk-ve-dunya-edebiyati/her-gun-huzun-sol-ayagim-2-christy-brown-P462891009",urun5,36.10
"https://urun.n11.com/cagdas-turk-ve-dunya-edebiyati/ada-serisi-kutulu-set-3-kitap-takim-ciltli-P464526243",urun6,156.00
"https://urun.n11.com/cagdas-turk-ve-dunya-edebiyati/charlotte-holmes-serisi-kutulu-set-4-kitap-takim-ciltli-P489714399",urun7,150.00
"https://urun.n11.com/cagdas-turk-ve-dunya-edebiyati/ithaki-marvel-seti-P494237057",urun8,171.90
"https://urun.n11.com/cagdas-turk-ve-dunya-edebiyati/savas-ati-michael-morpurgo-P462890675",urun9,36.40
"https://urun.n11.com/cagdas-turk-ve-dunya-edebiyati/ci-2kitap-akilah-azra-kohen-P467707844",urun10,44.10
"https://urun.n11.com/cagdas-turk-ve-dunya-edebiyati/centilmen-pic-serisi-3-kitap-takim-P368306951",urun11,120.70
"https://urun.n11.com/cagdas-turk-ve-dunya-edebiyati/tesirsiz-parcalar-ali-lidar-isminize-imzali-P413182244",urun12,24.00
"https://urun.n11.com/cagdas-turk-ve-dunya-edebiyati/roger-zelazny-2-kitap-takim-P374718497",urun13,38.40
"https://urun.n11.com/cagdas-turk-ve-dunya-edebiyati/gec-donen-sevgili-P524826489",urun14,31.50
"https://urun.n11.com/cagdas-turk-ve-dunya-edebiyati/thomas-pynchon-2-kitap-takim-P511140021",urun15,51.60